<?xml version="1.0" encoding="UTF-8"?>
    <addon id="repository.boogie" name="Boogie Kodi Repo" version="0.0.5" provider-name="boogie">
        <requires>
        </requires>
        <extension point="xbmc.addon.repository" name="Boogie Kodi Repo">
        <dir>
            <info compressed="false">https://raw.githubusercontent.com/boogieeeee/repository.boogie/master/repository.boogie.dist/addons.xml</info>
            <checksum>https://raw.githubusercontent.com/boogieeeee/repository.boogie/master/repository.boogie.dist/addons.xml.md5</checksum>
            <datadir zip="true">https://raw.githubusercontent.com/boogieeeee/repository.boogie/master/repository.boogie.dist/</datadir>
            <hashes>false</hashes>
        </dir>
        </extension>
        <extension point="xbmc.addon.metadata">
            <summary>This is the personal repo published by me for me, in the name of science</summary>
            <description>This is the personal repo published by me for me, in the name of science</description>
            <platform>all</platform>
    </extension>
</addon>
