<?xml version='1.0' encoding='UTF-8' standalone='yes'?>
<addon id="plugin.program.boogie-players" name="Boogie Players" provider-name="boogie" version="0.0.17">
	<requires>
		<import addon="plugin.video.vods"/>
		<import addon="script.module.tinyxbmc"/>
		<import addon="script.module.six" />
		<import addon="script.module.ghub"/>
		<import addon="plugin.program.vods-players"/>
        <import addon="script.module.certifi" />
        <import addon="script.module.htmlement" />
        <import addon="script.module.kodi-six" />
        <import addon="plugin.video.youtube" optional="true" />
        <import addon="script.module.python.twitch" optional="true" />
	</requires>
	<extension point="xbmc.python.pluginsource" library="addon.py">
		<provides>executable</provides>
	</extension>
	<extension library="lib" point="xbmc.python.module" />
	<extension point="xbmc.addon.metadata">
		<platform>all</platform>
		<summary lang="en">Player Interfaces for plugin.video.vods</summary>
		<description lang="en">Player Interfaces for plugin.video.vods</description>
		<license>GNU General Public License, v2</license>
		<language/>
		<forum>https://github.com/boogieeeee/repository.boogie/issues</forum>
		<source/>
		<website>https://github.com/boogieeeee/repository.boogie</website>
		<email>boogiepop@gmx.com</email>
	  </extension>
	  <tinyxbmc>
	  	<plugin path="lib" id="vodslinkplayer" module="smu" instance="smu"/>
	  	<plugin path="lib" id="vodslinkplayer" module="players" instance="streamlink"/>
	  	<plugin path="lib" id="vodsaddonplayer" module="players" instance="plexus"/>
	  	<plugin path="lib" id="vodsaddonplayer" module="players" instance="elementum"/>
	  	<plugin path="lib" id="vodslinkplayer" module="streams" instance="streams"/>
	  </tinyxbmc>
</addon>
