<?xml version='1.0' encoding='UTF-8' standalone='yes'?>
<addon id="service.vods.livechannels" name="Live Channels module for VODS" provider-name="boogie" version="0.0.1">
	<requires>
		<import addon="xbmc.python" version="2.1.0" />
		<import addon="plugin.video.vods"/>
		<import addon="script.module.htmlement"/>
	</requires>
	<extension point="xbmc.service"></extension>
	<extension library="lib" point="xbmc.python.module" />
	<extension point="xbmc.addon.metadata">
		<platform>all</platform>
		<summary lang="en">Live Channels module for VODS</summary>
		<description lang="en">Live Channels module for VODS</description>
		<license>GNU General Public License, v2</license>
		<language/>
		<forum>https://github.com/boogieeeee/repository.biyik/issues</forum>
		<source/>
		<website>https://github.com/boogieeeee/repository.biyik</website>
		<email>boogiepop@gmx.com</email>
		</extension>
	<tinyxbmc>
		<plugin path="lib" id="vodsshow" module="livechannels" instance="livechannels"/>
	</tinyxbmc>
</addon>
