<channels>
 <channels_info>
  <ctitle>Kodi-Addon-ARDundZDF Streamlinks</ctitle>
  <imgsource>Arauco</imgsource>
  <nr>29</nr>
  <thumbnail></thumbnail>
  <credits>Grafiken @Arauco (Plex-Forum)</credits>
  <date>17.02.2022 rols</date>
  <ARDsource></ARDsource>
  <ZDFsource>https://www.zdf.de/live-tv</ZDFsource>
  <info>Senderübersicht TVToday: https://www.tvtoday.de/programm/standard/sender/ Button:Alle Sender</info>
  <info2>das &-Zeichen verstößt zwar gegen den xml-Standard, ist aber kompatibel mit den String-Funktionen im PRG</info2>
  <info3>hrefsender enthält Sendernamen passend zu www.ardmediathek.de (ARD-Neu)</info3>
  <info4>link: Kennung statt Streamurl möglich, z.B. ZDFsource -> get_ZDFstreamlinks</info4>
  <info5>Datei livesenderTV.xml: autom. Update im Modul EPG, thread_getepg()</info5>
</channels_info>
 
<channel>
<name>Überregional</name>
<thumbnail>tv-ueberregional.png</thumbnail>
<epg></epg>
<items>
	<item>
		<title>Das Erste</title>
		<hrefsender>Das Erste</hrefsender>
		<link>ARDSource</link>
		<reclink>https://derste247livede.akamaized.net/hls/live/658317/daserste_de/profile1/1.m3u8</reclink>
		<thumbnail>tv-das-erste.png</thumbnail>
		<imgsource></imgsource>
		<EPG_ID>ARD</EPG_ID>
		<date>11.04.2021</date>
	</item>
	<item>
		<title>ZDF</title>
		<hrefsender>ZDF</hrefsender>
		<link>ZDFsource</link>	  
		<thumbnail>tv-zdf.png</thumbnail>
		<imgsource>Arauco</imgsource>
		<EPG_ID>ZDF</EPG_ID>
		<date>23.02.2020</date>
		<geoblock>ja</geoblock>
	</item>
	<item>
		<title>KiKA</title>
		<hrefsender>KiKA</hrefsender>
		<link>ZDFsource</link>
		<thumbnail>tv-kika.png</thumbnail>
		<imgsource>Arauco</imgsource>
		<EPG_ID>KIKA</EPG_ID>
		<date>07.09.2018</date>
		<geoblock>ja</geoblock>
	</item>
	<item>
		<title>Arte</title>
		<hrefsender>arte</hrefsender>
		<link>ARDSource</link>
		<info>ARDSource zuverlässiger als ZDFsource</info>
		<thumbnail>tv-arte.png</thumbnail>
		<imgsource>Arauco</imgsource>
		<EPG_ID>ARTE</EPG_ID>
		<date>07.09.2018</date>
		<geoblock>ja</geoblock>
	</item>
	<item>
		<title>ONE</title>
		<hrefsender>ONE</hrefsender>
		<link>ARDSource</link>
		<thumbnail>tv-one.png</thumbnail>
		<imgsource></imgsource>
		<EPG_ID>fes</EPG_ID>
		<date>11.04.2021</date>
	</item>
	<item>
		<title>3sat</title>
		<hrefsender>3sat</hrefsender>
		<link>ZDFsource</link>
		<thumbnail>tv-3sat.png</thumbnail>
		<imgsource>Arauco</imgsource>
		<EPG_ID>3SAT</EPG_ID>
		<date>23.02.2020</date>
		<geoblock>ja</geoblock>
	</item>
	<item>			
		<title>ZDFneo</title>
		<hrefsender>ZDFneo</hrefsender>
		<link>ZDFsource</link>
		<thumbnail>tv-zdf-neo.png</thumbnail>
		<imgsource>Arauco</imgsource>
		<EPG_ID>2NEO</EPG_ID>
		<date>23.02.2020</date>
		<geoblock>ja</geoblock>
	</item>
	<item>			
		<title>ZDFinfo</title>
		<hrefsender>ZDFinfo</hrefsender>
		<link>ZDFsource</link>
		<thumbnail>tv-zdf-info.png</thumbnail>
		<imgsource>Arauco</imgsource>
		<EPG_ID>ZINFO</EPG_ID>
		<date>11.06.2016</date>
		<geoblock>ja</geoblock>
	</item>
	<item>			
		<title>ARDSportschau Livestream</title>
		<hrefsender></hrefsender>
		<link>https://ardevent2.akamaized.net/hls/live/681512/ardevent2_geo/master.m3u8</link>
		<thumbnail>tv-ard-sportschau.png</thumbnail>
		<imgsource>Arauco</imgsource>
		<EPG_ID></EPG_ID>
		<date>16.04.2019</date>
		<geoblock>ja</geoblock>
	</item>
	<item>
		<title>ARD-alpha</title>
		<hrefsender>ARD-alpha</hrefsender>
		<link>ARDSource</link>
		<thumbnail>tv-alpha.png</thumbnail>
		<imgsource></imgsource>
		<EPG_ID>ALPHA</EPG_ID>
		<date>07.09.2018</date>
	</item>
	<item>
		<title>phoenix</title>
		<hrefsender>Phoenix</hrefsender>
		<link>ZDFsource</link>
		<thumbnail>tv-phoenix.png</thumbnail>
		<imgsource>Arauco</imgsource>
		<EPG_ID>PHOEN</EPG_ID>
		<date>23.02.2020</date>
		<geoblock>ja</geoblock>
	</item>
	<item>
		<title>tagesschau24</title>
		<hrefsender>tagesschau24</hrefsender>
		<link>ARDSource</link>
		<thumbnail>tv-tagesschau.png</thumbnail>
		<imgsource></imgsource>
		<EPG_ID>TAG24</EPG_ID>
		<date>11.04.2021</date>
	</item>
	<item>
		<title>Deutsche Welle</title>
		<hrefsender>Deutsche Welle</hrefsender>
		<link>ARDSource</link>
		<thumbnail>tv-deutsche-welle.png</thumbnail>
		<imgsource></imgsource>
		<EPG_ID>DWTV</EPG_ID>
		<date>11.04.2021</date>
	</item>
</items>
</channel>

<channel>
<name>Regional</name>
<thumbnail>tv-regional.png</thumbnail>
<epg>http://www.zdf.de/epg/programm-4100.html</epg>
<items>
	<item>
		<title>BR Fernsehen - Nord</title>
		<hrefsender>BR Fernsehen - Nord</hrefsender>
		<link>http://mcdn.br.de/br/fs/bfs_nord/hls/de/master.m3u8</link>
		<thumbnail>tv-br.png</thumbnail>
		<imgsource></imgsource>
		<EPG_ID>BR</EPG_ID>
		<date>09.09.2021</date>
	</item>
	<item>
		<title>BR Fernsehen - Süd</title>
		<hrefsender>BR Fernsehen Süd</hrefsender>
		<link>ARDSource</link>
		<thumbnail>tv-br.png</thumbnail>
		<imgsource></imgsource>
		<EPG_ID>BR</EPG_ID>
		<date>11.04.2021</date>
	</item>
	<item>
		<title>hr-fernsehen</title>
		<hrefsender>hr-fernsehen</hrefsender>
		<link>ARDSource</link>		  
		<thumbnail>tv-hr.png</thumbnail>
		<imgsource></imgsource>
		<EPG_ID>HR</EPG_ID>
		<date>11.04.2021</date>
	</item>
	<item>
		<title>MDR Sachsen</title>
		<hrefsender>MDR</hrefsender>
		<link>ARDSource</link>
		<thumbnail>tv-mdr-sachsen.png</thumbnail>
		<imgsource></imgsource>
		<EPG_ID>MDR</EPG_ID>
		<date>11.04.2021</date>
	</item>
	<item>
		<title>Radio Bremen</title>
		<hrefsender>Radio Bremen</hrefsender>
		<link>ARDSource</link>
		<thumbnail>tv-bremen.png</thumbnail>
		<imgsource></imgsource>
		<EPG_ID></EPG_ID>
		<date>11.04.2021</date>
	</item>
	<item>
		<title>NDR Fernsehen</title>
		<hrefsender>NDR</hrefsender>
		<link>ARDSource</link>
		<thumbnail>tv-ndr-niedersachsen.png</thumbnail>
		<imgsource></imgsource>
		<EPG_ID>N3</EPG_ID>
		<date>11.04.2021</date>
	</item>
	<item>
		<title>NDR Schleswig-Holstein</title>
		<hrefsender>NDR</hrefsender>
		<link>https://ndrfs-lh.akamaihd.net/i/ndrfs_sh@430234/master.m3u8</link>
		<thumbnail>tv-ndr-schleswig-holstein.png</thumbnail>
		<imgsource>Arauco</imgsource>
		<EPG_ID>N3</EPG_ID>
		<date>21.09.2018</date>
	</item>
	<item>
		<title>NDR Mecklenburg-Vorpommern</title>
		<hrefsender>NDR</hrefsender>
		<link>https://ndrfs-lh.akamaihd.net/i/ndrfs_mv@430232/master.m3u8</link>
		<thumbnail>tv-ndr-mecklenburg-vorpommern.png</thumbnail>
		<imgsource>Arauco</imgsource>
		<EPG_ID>N3</EPG_ID>
		<date>21.09.2018</date>
	</item>
	<item>
		<title>NDR Hamburg</title>
		<hrefsender>NDR</hrefsender>
		<link>https://ndrfs-lh.akamaihd.net/i/ndrfs_hh@430231/master.m3u8</link>
		<thumbnail>tv-ndr-hamburg.png</thumbnail>
		<imgsource>Arauco</imgsource>
		<EPG_ID>N3</EPG_ID>
		<date>21.09.2018</date>
	</item>
	<item>
		<title>Rundfunk Berlin Brandenburg</title>
		<hrefsender>rbb Fernsehen</hrefsender>
		<link>ARDSource</link>
		<thumbnail>tv-rbb-brandenburg.png</thumbnail>
		<imgsource></imgsource>
		<EPG_ID>RBB</EPG_ID>
		<date>11.04.2021</date>
	</item>
	<item>
		<title>Saarländischer Rundfunk</title>
		<hrefsender>SR</hrefsender>
		<link>ARDSource</link>
		<thumbnail>tv-sr.png</thumbnail>
		<imgsource></imgsource>
		<EPG_ID>SWR</EPG_ID>
		<date>11.04.2021</date>
		<epg_schema>ARD</epg_schema>
		<info>TVToday: SWR/SR gemeinsam</info>
	</item>
	<item>
		<title>SWR Baden-Württemberg</title>
		<hrefsender>SWR</hrefsender>
		<link>ARDSource</link>
		<thumbnail>tv-swr.png</thumbnail>
		<imgsource></imgsource>
		<EPG_ID>SWR</EPG_ID>
		<date>11.04.2021</date>
		<info>TVToday: SWR/SR gemeinsam</info>
	</item>
	<item>
		<title>Westdeutscher Rundfunk</title>
		<hrefsender>WDR</hrefsender>
		<link>ARDSource</link>
		<link-old>https://wdrfsgeo-lh.akamaihd.net/i/wdrfs_geogeblockt@530016/master.m3u8</link-old>
		<thumbnail>tv-wdr.png</thumbnail>
		<imgsource></imgsource>
		<EPG_ID>WDR</EPG_ID>
		<date>11.04.2021</date>
	</item>
</items>
</channel>


<channel>
	<name>Regional: WDR Lokalzeit Livestreams</name>
	<thumbnail>tv-wdr.png</thumbnail>
	<info>Auswertung: SenderLiveListe -> list_WDRstreamlinks</info>
	<date>20.12.2021</date>
	</items>
	</items>
</channel>


<channel>
<name>Privat</name>
<thumbnail>tv-privat.png</thumbnail>
<fanart></fanart>
<items>
	<item>
		<title>ServusTV</title>
		<link>https://rbmn-live.akamaized.net/hls/live/2002830/geoSTVDEweb/master.m3u8</link>
		<thumbnail>tv-servus.png</thumbnail>
		<imgsource>Arauco</imgsource>
		<EPG_ID>SERVU</EPG_ID>
		<date>11.12.2016</date>
	</item>
	<item>
		<title>Welt_N24-Live</title>
		<link>https://live2weltcms-lh.akamaihd.net/i/Live2WeltCMS_1@444563/master.m3u8?dw=0</link>
		<thumbnail>tv-n24.png</thumbnail>
		<imgsource>Arauco</imgsource>
		<EPG_ID>WELT</EPG_ID>
		<date>12.10.2018</date>
	</item>
	<item-out>
		<title>n-tv</title>
		<link-out>LiveTV_ntv.m3u8</link-out>
		<thumbnail>tv-ntv.png</thumbnail>
		<imgsource>Arauco</imgsource>
		<EPG_ID>NTV</EPG_ID>
		<date>12.10.2018 - verschlüsselt, nicht mehr verfügbar</date>
	</item-out>
	<item>
		<title>QVC</title>
		<link>http://live.qvcde.simplestreamcdn.com/live/qvcde_main_clean/bitrate1.isml/live.m3u8</link>
		<thumbnail>tv-qvc.png</thumbnail>
		<imgsource>Arauco</imgsource>
		<EPG_ID>QVC</EPG_ID>
		<date>05.11.2017</date>
	</item>
	<item>
		<title>QVC BEAUTY & STYLE</title>
		<link>http://live.qvcde.simplestreamcdn.com/live/qvcde_beauty_clean/bitrate1.isml/live.m3u8</link>
		<thumbnail>tv-qvc.png</thumbnail>
		<imgsource>Arauco</imgsource>
		<EPG_ID>qvcbs</EPG_ID>
		<date>05.11.2017</date>
	</item>
	<item>
		<title>QVC PLUS</title>
		<link>http://live.qvcde.simplestreamcdn.com/live/qvcde_plus_clean/bitrate1.isml/live.m3u8</link>
		<thumbnail>tv-qvc.png</thumbnail>
		<imgsource>Arauco</imgsource>
		<EPG_ID>qvcp</EPG_ID>
		<date>05.11.2017</date>
	</item>
	<item>
		<title>BadenTV</title>
		<link>https://cdn.icu.de/rtplive/smil:btv.smil/playlist.m3u8</link>
		<thumbnail>https://github.com/rols1/PluginPictures/blob/master/Kodi/ARDundZDF/TV/tv-baden-tv.png?raw=true</thumbnail>
		<imgsource>https://commons.wikimedia.org/wiki/File:Baden_TV_Logo_Infobox.png</imgsource>
		<EPG_ID></EPG_ID>
		<date>19.06.2020</date>
	</item>
	<item>
		<title>münchen.tv</title>
		<link>https://stream02.stream.welocal.world/stream/fhd-muenchentv_365036/ngrp:stream_all/playlist.m3u8</link>
		<thumbnail>https://github.com/rols1/PluginPictures/blob/master/Kodi/ARDundZDF/TV/tv-muenchen-tv.png?raw=true</thumbnail>
		<imgsource>https://commons.wikimedia.org/wiki/File:TV_M%C3%BCnchen_Logo.svg</imgsource>
		<EPG_ID>TVM</EPG_ID>
		<date>12.09.2020</date>
	</item>
	<item>
		<title>Chemnitz Fernsehen</title>
		<link>https://chemnitz.iptv-playoutcenter.de/chemnitz/chemnitzfernsehen.stream_1/playlist.m3u8</link>
		<thumbnail>https://github.com/rols1/PluginPictures/blob/master/Kodi/ARDundZDF/TV/tv-chemnitz-fernsehen.png?raw=true</thumbnail>
		<imgsource></imgsource>
		<EPG_ID></>
		<info>http://www.sachsen-fernsehen.de/</info>
		<date>25.06.2021/date>
	</item>
	<item>
		<title>Dresden Fernsehen</title>
		<link>https://dresden.iptv-playoutcenter.de/dresden/dresdenfernsehen.stream_1/playlist.m3u8</link>
		<thumbnail>https://github.com/rols1/PluginPictures/blob/master/Kodi/ARDundZDF/TV/tv-dresden-fernsehen.png?raw=true</thumbnail>
		<imgsource>https://commons.wikimedia.org/wiki/File:Logo_Dresden_Fernsehen.gif</imgsource>
		<EPG_ID></EPG_ID>
		<info>http://www.sachsen-fernsehen.de/</info>
		<date>08.11.2020</date>
	</item>
	<item>
		<title>Leipzig Fernsehen</title>
		<link>https://leipzig.iptv-playoutcenter.de/leipzig/leipzigfernsehen.stream_1/playlist.m3u8</link>
		<thumbnail>https://github.com/rols1/PluginPictures/blob/master/Kodi/ARDundZDF/TV/tv-leipzig-fernsehen.png?raw=true</thumbnail>
		<imgsource>https://commons.wikimedia.org/wiki/File:LogoLeipzigFernsehen.png</imgsource>
		<EPG_ID>LEITV</EPG_ID>
		<info>http://www.sachsen-fernsehen.de/</info>
		<date>19.06.2020</date>
	</item>
	<item>
		<title>Rhein-Neckar Fernsehen</title>
		<link>https://rnf.iptv-playoutcenter.de/rnf/rnf.stream_1/playlist.m3u8</link>
		<thumbnail>https://github.com/rols1/PluginPictures/blob/master/Kodi/ARDundZDF/TV/tv-rhein-neckar.png?raw=true</thumbnail>
		<imgsource>https://commons.wikimedia.org/wiki/File:RNF_Logo.svg</imgsource>
		<EPG_ID>RNF</EPG_ID>
		<date>19.06.2020</date>
	</item>
	<item>
		<title>Franken Fernsehen</title>
		<link>https://stream03.stream.welocal.world/stream/frf/ngrp:frf.stream_all/playlist.m3u8</link>
		<thumbnail>https://github.com/rols1/PluginPictures/blob/master/Kodi/ARDundZDF/TV/tv-franken-fernsehen.png?raw=true</thumbnail>
		<imgsource>https://commons.wikimedia.org/wiki/File:Franken_Fernsehen_Logo_2010.svg</imgsource>
		<EPG_ID></>
		<date>25.06.2020</date>
	</item>
	<item>
		<title>Lausitzwelle Fernsehen</title>
		<link>https://5856e1a25f71a.streamlock.net/easycast9-live/_definst_/livestreamhd10/playlist.m3u8</link>
		<thumbnail></thumbnail>
		<imgsource></imgsource>
		<EPG_ID></>
		<date>25.03.2021</date>
	</item>
	<item>
		<title>MyTVplus</title>
		<link>https://mytvplus.iptv-playoutcenter.de/mytvplus/mytvplus.stream_1/playlist.m3u8</link>
		<thumbnail></thumbnail>
		<imgsource></imgsource>
		<EPG_ID></>
		<date>25.03.2021</date>
	</item>
</items>
</channel>


<channel>
	<name>ARD Event Streams (eingeschränkt verfügbar)</name>
	<thumbnail>ard-mediathek.png</thumbnail>
	<fanart></fanart>
	<items>
		<item>
			<title>BR Event - 1</title>
			<hrefsender></hrefsender>
			<link>https://brevent.akamaized.net/hls/live/2028218/event_01/master.m3u8</link>
			<thumbnail>https://img.br.de/6a92a729-6877-4e32-83e2-4308406cd6e1.png</thumbnail>
			<imgsource></imgsource>
			<EPG_ID></EPG_ID>
			<date>25.06.2021</date>
		</item>
		<item>
			<title>BR Event - 2</title>
			<hrefsender></hrefsender>
			<link>https://brevent.akamaized.net/hls/live/2028219/event_02/master.m3u8</link>
			<thumbnail>https://img.br.de/6a92a729-6877-4e32-83e2-4308406cd6e1.png</thumbnail>
			<imgsource></imgsource>
			<EPG_ID></EPG_ID>
			<date>06.05.2021</date>
		</item>
		<item>
			<title>BR Event - 3</title>
			<hrefsender></hrefsender>
			<link>https://brevent.akamaized.net/hls/live/2028220/event_03/master.m3u8</link>
			<thumbnail>https://img.br.de/6a92a729-6877-4e32-83e2-4308406cd6e1.png</thumbnail>
			<imgsource></imgsource>
			<EPG_ID></EPG_ID>
			<date>06.05.2021</date>
		</item>
		<item>
			<title>BR Event - 4</title>
			<hrefsender></hrefsender>
			<link>https://brevent.akamaized.net/hls/live/2028221/event_04/master.m3u8</link>
			<thumbnail>https://img.br.de/6a92a729-6877-4e32-83e2-4308406cd6e1.png</thumbnail>
			<imgsource></imgsource>
			<EPG_ID></EPG_ID>
			<date>06.05.2021</date>
		</item>
		<item>
			<title>BR Event - 5</title>
			<hrefsender></hrefsender>
			<link>https://brevent.akamaized.net/hls/live/2028222/event_05/master.m3u8</link>
			<thumbnail>https://img.br.de/6a92a729-6877-4e32-83e2-4308406cd6e1.png</thumbnail>
			<imgsource></imgsource>
			<EPG_ID></EPG_ID>
			<date>06.05.2021</date>
		</item>
		<item>
			<title>BR Event - 6</title>
			<hrefsender></hrefsender>
			<link>https://brevent.akamaized.net/hls/live/2028223/event_06/master.m3u8</link>
			<thumbnail>https://img.br.de/6a92a729-6877-4e32-83e2-4308406cd6e1.png</thumbnail>
			<imgsource></imgsource>
			<EPG_ID></EPG_ID>
			<date>06.05.2021</date>
		</item>
		<item>
			<title>BR Event - 7</title>
			<hrefsender></hrefsender>
			<link>https://brevent.akamaized.net/hls/live/2028224/event_07/master.m3u8</link>
			<thumbnail>https://img.br.de/6a92a729-6877-4e32-83e2-4308406cd6e1.png</thumbnail>
			<imgsource></imgsource>
			<EPG_ID></EPG_ID>
			<date>06.05.2021</date>
		</item>
		<item>
			<title>BR Event - 8</title>
			<hrefsender></hrefsender>
			<link>https://brevent.akamaized.net/hls/live/2028225/event_08/master.m3u8</link>
			<thumbnail>https://img.br.de/6a92a729-6877-4e32-83e2-4308406cd6e1.png</thumbnail>
			<imgsource></imgsource>
			<EPG_ID></EPG_ID>
			<date>06.05.2021</date>
		</item>
		<item>
			<title>MDR+ Eventlivestreams + SocialTV - 1</title>
			<hrefsender></hrefsender>
			<link>https://mdrevent1wwhls.akamaized.net/hls/live/2025205/mdrevent1ww/master.m3u8</link>
			<thumbnail>tv-mdr-sachsen.png</thumbnail>
			<imgsource>Arauco</imgsource>
			<EPG_ID></EPG_ID>
			<date>07.10.2021</date>
		</item>
		<item>
			<title>MDR+ Eventlivestreams + SocialTV - 2</title>
			<hrefsender></hrefsender>
			<link>https://mdrevent2wwhls.akamaized.net/hls/live/2025367/mdrevent2ww/master.m3u8</link>
			<thumbnail>tv-mdr-sachsen.png</thumbnail>
			<imgsource>Arauco</imgsource>
			<EPG_ID></EPG_ID>
			<date>07.10.2021</date>
		</item>
		<item>
			<title>MDR+ Eventlivestreams + SocialTV - 3</title>
			<hrefsender></hrefsender>
			<link>https://mdrevent3wwhls.akamaized.net/hls/live/2025368/mdrevent3ww/master.m3u8</link>
			<thumbnail>tv-mdr-sachsen.png</thumbnail>
			<imgsource>Arauco</imgsource>
			<EPG_ID></EPG_ID>
			<date>07.10.2021</date>
		</item>
		<item>
			<title>MDR+ Eventlivestreams + SocialTV - 4</title>
			<hrefsender></hrefsender>
			<link>https://mdrevent4wwhls.akamaized.net/hls/live/2025369/mdrevent4ww/master.m3u8</link>		  
			<thumbnail>tv-mdr-sachsen.png</thumbnail>
			<imgsource>Arauco</imgsource>
			<EPG_ID></EPG_ID>
			<date>07.10.2021</date>
		</item>
		<item>
			<title>MDR+ Eventlivestreams + SocialTV - 5</title>
			<hrefsender></hrefsender>
			<link>https://mdrevent5wwhls.akamaized.net/hls/live/2025370/mdrevent5ww/master.m3u8</link>
			<thumbnail>tv-mdr-sachsen.png</thumbnail>
			<imgsource>Arauco</imgsource>
			<EPG_ID></EPG_ID>
			<date>07.10.2021</date>
		</item>
		<item>
			<title>NDR Spezial 1</title>
			<hrefsender></hrefsender>
			<link>https://ndrspezial-lh.akamaihd.net/i/spezial_1@430235/master.m3u8</link>
			<thumbnail>radio-ndr.png</thumbnail>
			<imgsource></imgsource>
			<EPG_ID></EPG_ID>
			<date>01.02.2022</date>
		</item>
		<item>
			<title>NDR Spezial 2</title>
			<hrefsender></hrefsender>
			<link>https://ndrspezial-lh.akamaihd.net/i/spezial_2@430236/master.m3u8</link>
			<thumbnail>radio-ndr.png</thumbnail>
			<imgsource></imgsource>
			<EPG_ID></EPG_ID>
			<date>01.02.2022</date>
		</item>
		<item>
			<title>NDR Spezial 3</title>
			<hrefsender></hrefsender>
			<link>https://ndrspezial-lh.akamaihd.net/i/spezial_3@430237/master.m3u8</link>
			<thumbnail>radio-ndr.png</thumbnail>
			<imgsource></imgsource>
			<EPG_ID></EPG_ID>
			<date>01.02.2022</date>
		</item>
		<item>
			<title>NDR Spezial 4</title>
			<hrefsender></hrefsender>
			<link>http://ndrspezial-lh.akamaihd.net/i/spezial_4@430238/master.m3u8</link>
			<thumbnail>radio-ndr.png</thumbnail>
			<imgsource></imgsource>
			<EPG_ID></EPG_ID>
			<date>01.02.2022</date>
		</item>
		<item>
			<title>NDR Spezial 5</title>
			<hrefsender></hrefsender>
			<link>http://ndrspezial-lh.akamaihd.net/i/spezial_5@430239/master.m3u8</link>
			<thumbnail>radio-ndr.png</thumbnail>
			<imgsource></imgsource>
			<EPG_ID></EPG_ID>
			<date>01.02.2022</date>
		</item>
		<item>
			<title>NDR Spezial 6</title>
			<hrefsender></hrefsender>
			<link>http://ndrspezial-lh.akamaihd.net/i/spezial_6@430240/master.m3u8</link>
			<thumbnail>radio-ndr.png</thumbnail>
			<imgsource></imgsource>
			<EPG_ID></EPG_ID>
			<date>01.02.2022</date>
		</item>
		<item>
			<title>NDR-Spezial 7</title>
			<hrefsender></hrefsender>
			<link>https://ndrspezial7sp-lh.akamaihd.net/i/spezial_7@322396/master.m3u8</link>
			<thumbnail>radio-ndr.png</thumbnail>
			<imgsource></imgsource>
			<EPG_ID></EPG_ID>
			<date>24.07.2021</date>
		</item>
		<item>
			<title>NDR-Spezial 8</title>
			<hrefsender></hrefsender>
			<link>https://ndrspezial8sp-lh.akamaihd.net/i/spezial_8@425044/master.m3u8</link>
			<thumbnail>radio-ndr.png</thumbnail>
			<imgsource></imgsource>
			<EPG_ID></EPG_ID>
			<date>24.07.2021</date>
		</item>
		<item>
			<title>NDR-Spezial 9</title>
			<hrefsender></hrefsender>
			<link>https://ndrspezial9sp-lh.akamaihd.net/i/spezial_9@426506/master.m3u8</link>
			<thumbnail>radio-ndr.png</thumbnail>
			<imgsource></imgsource>
			<EPG_ID></EPG_ID>
			<date>24.07.2021</date>
		</item>
		<item>
			<title>NDR-Spezial 10</title>
			<hrefsender></hrefsender>
			<link>https://ndrspezial10sp-lh.akamaihd.net/i/spezial_10@9732/master.m3u8</link>
			<thumbnail>radio-ndr.png</thumbnail>
			<imgsource></imgsource>
			<EPG_ID></EPG_ID>
			<date>24.07.2021</date>
		</item>
		<item>
			<title>WDR_ARD Event 1</title>
			<hrefsender></hrefsender>
			<link>https://wdrardevent1-lh.akamaihd.net/i/ardevent1_weltweit@566648/master.m3u8</link>
			<thumbnail>tv-wdr.png</thumbnail>
			<imgsource></imgsource>
			<EPG_ID></EPG_ID>
			<date>13.10.2020</date>
		</item>
		<item>
			<title>WDR_ARD Event 2</title>
			<hrefsender></hrefsender>
			<link>https://ardevent2.akamaized.net/hls/live/681512/ardevent2_geo/master.m3u8</link>
			<thumbnail>tv-wdr.png</thumbnail>
			<imgsource></imgsource>
			<EPG_ID></EPG_ID>
			<date>04.01.2021</date>
		</item>
		<item>
			<title>WDR_ARD Event 3</title>
			<hrefsender></hrefsender>
			<link>https://wdrevent.akamaized.net/hls/live/2016698/wdr_msl4_wdrevent3/master.m3u8</link>
			<thumbnail>tv-wdr.png</thumbnail>
			<imgsource></imgsource>
			<EPG_ID></EPG_ID>
			<date>13.10.2020</date>
		</item>
		<item>
			<title>WDR_ARD Event 7</title>
			<hrefsender></hrefsender>
			<link>https://wdrevent.akamaized.net/hls/live/2020357/wdr_msl4_wdrevent7/master.m3u8</link>
			<thumbnail>tv-wdr.png</thumbnail>
			<imgsource></imgsource>
			<EPG_ID></EPG_ID>
			<date>11.02.2021</date>
		</item>
		<item>
			<title>WDR_ARD Event 8</title>
			<hrefsender></hrefsender>
			<link>https://wdrevent.akamaized.net/hls/live/2020358/wdr_msl4_wdrevent8/master.m3u8</link>
			<thumbnail>tv-wdr.png</thumbnail>
			<imgsource></imgsource>
			<EPG_ID></EPG_ID>
			<date>11.02.2021</date>
		</item>
		<item>
			<title>WDR_ARD Event 9</title>
			<hrefsender></hrefsender>
			<link>https://wdrevent.akamaized.net/hls/live/2020359/wdr_msl4_wdrevent9/master.m3u8</link>
			<thumbnail>tv-wdr.png</thumbnail>
			<imgsource></imgsource>
			<EPG_ID></EPG_ID>
			<date>17.10.2020</date>
		</item>
		<item>
			<title>WDR_ARD Event 10</title>
			<hrefsender></hrefsender>
			<link>https://wdrevent.akamaized.net/hls/live/2020360/wdr_msl4_wdrevent10/master.m3u8</link>
			<thumbnail>tv-wdr.png</thumbnail>
			<imgsource></imgsource>
			<EPG_ID></EPG_ID>
			<date>11.02.2021</date>
		</item>
		<item>
			<title>WDR_ARD Event 11</title>
			<hrefsender></hrefsender>
			<link>https://wdrevent.akamaized.net/hls/live/2020361/wdr_msl4_wdrevent11/master.m3u8</link>
			<thumbnail>tv-wdr.png</thumbnail>
			<imgsource></imgsource>
			<EPG_ID></EPG_ID>
			<date>11.02.2021</date>
		</item>
		<item>
			<title>WDR Spezial 1 (Olympia)</title>
			<hrefsender></hrefsender>
			<link>https://wdrspezial.akamaized.net/hls/live/2012020/wdr_spezial1/index.m3u8</link>
			<thumbnail>tv-wdr.png</thumbnail>
			<imgsource></imgsource>
			<EPG_ID></EPG_ID>
			<date>01.02.2022</date>
		</item>
		<item>
			<title>WDR Spezial 2 (Olympia)</title>
			<hrefsender></hrefsender>
			<link>https://wdrspezial.akamaized.net/hls/live/2012067/wdr_spezial2/index.m3u8</link>
			<thumbnail>tv-wdr.png</thumbnail>
			<imgsource></imgsource>
			<EPG_ID></EPG_ID>
			<date>01.02.2022</date>
		</item>
		<item>
			<title>WDR Spezial 3 (Olympia)</title>
			<hrefsender></hrefsender>
			<link>https://wdrspezial.akamaized.net/hls/live/2012068/wdr_spezial3/index.m3u8</link>
			<thumbnail>tv-wdr.png</thumbnail>
			<imgsource></imgsource>
			<EPG_ID></EPG_ID>
			<date>01.02.2022</date>
		</item>
		<item>
			<title>WDR Spezial 4 (Olympia)</title>
			<hrefsender></hrefsender>
			<link>https://wdrspezial.akamaized.net/hls/live/2012069/wdr_spezial4/index.m3u8</link>
			<thumbnail>tv-wdr.png</thumbnail>
			<imgsource></imgsource>
			<EPG_ID></EPG_ID>
			<date>01.02.2022</date>
		</item>
		<item>
			<title>WDR Spezial 5 (Olympia)</title>
			<hrefsender></hrefsender>
			<link>https://wdrspezial.akamaized.net/hls/live/2012070/wdr_spezial5/index.m3u8</link>
			<thumbnail>tv-wdr.png</thumbnail>
			<imgsource></imgsource>
			<EPG_ID></EPG_ID>
			<date>01.02.2022</date>
		</item>
		<item>
			<title>WDR Spezial 6 (Olympia)</title>
			<hrefsender></hrefsender>
			<link>https://wdrspezial.akamaized.net/hls/live/2013621/wdr_spezial6/index.m3u8</link>
			<thumbnail>tv-wdr.png</thumbnail>
			<imgsource></imgsource>
			<EPG_ID></EPG_ID>
			<date>03.02.2022</date>
		</item>
	</items>
</channel>

<channel>
	<name>ZDF Event Streams (eingeschränkt verfügbar)</name>
	<thumbnail>tv-zdf.png</thumbnail>
	<fanart></fanart>
	<items>
		<item>
			<title>ZDF Event 1</title>
			<hrefsender></hrefsender>
			<link>https://zdf-hls-01.akamaized.net/hls/live/2002460/none/veryhigh/master.m3u8</link>
			<thumbnail>zdf-mediathek.png</thumbnail>
			<imgsource></imgsource>
			<EPG_ID></EPG_ID>
			<date>02.12.2020</date>
		</item>
		<item>
			<title>ZDF Event 2</title>
			<hrefsender></hrefsender>
			<link>http://zdf-hls-02.akamaized.net/hls/live/2002461/de/veryhigh/master.m3u8</link>
			<thumbnail>zdf-mediathek.png</thumbnail>
			<imgsource></imgsource>
			<EPG_ID></EPG_ID>
			<date>23.07.2021</date>
		</item>
		<item>
			<title>ZDF Event 4</title>
			<hrefsender></hrefsender>
			<link>https://zdf-hls-04.akamaized.net/hls/live/2016299/de/veryhigh/master.m3u8</link>
			<thumbnail>zdf-mediathek.png</thumbnail>
			<imgsource></imgsource>
			<EPG_ID></EPG_ID>
			<date>02.12.2020</date>
		</item>
		<item>
			<title>ZDF Event 5</title>
			<hrefsender></hrefsender>
			<link>https://zdf-hls-05.akamaized.net/hls/live/2016300/de/veryhigh/master.m3u8</link>
			<thumbnail>zdf-mediathek.png</thumbnail>
			<imgsource></imgsource>
			<EPG_ID></EPG_ID>
			<date>02.12.2020</date>
		</item>
		<item>
			<title>ZDF Event 6</title>
			<hrefsender></hrefsender>
			<link>https://zdf-hls-06.akamaized.net/hls/live/2016301/de/veryhigh/master.m3u8</link>
			<thumbnail>zdf-mediathek.png</thumbnail>
			<imgsource></imgsource>
			<EPG_ID></EPG_ID>
			<date>02.12.2020</date>
		</item>
		<item>
			<title>ZDF Event 7</title>
			<hrefsender></hrefsender>
			<link>https://zdf-hls-07.akamaized.net/hls/live/2016302/de/veryhigh/master.m3u8</link>
			<thumbnail>zdf-mediathek.png</thumbnail>
			<imgsource></imgsource>
			<EPG_ID></EPG_ID>
			<date>02.12.2020</date>
		</item>
		<item>
			<title>ZDF Event 8</title>
			<hrefsender></hrefsender>
			<link>https://zdf-hls-08.akamaized.net/hls/live/2016303/de/veryhigh/master.m3u8</link>
			<thumbnail>zdf-mediathek.png</thumbnail>
			<imgsource></imgsource>
			<EPG_ID></EPG_ID>
			<date>21.07.2021</date>
		</item>
		<item>
			<title>ZDF Event 9 (Olympia)</title>
			<hrefsender></hrefsender>
			<link>https://zdf-hls-09.akamaized.net/hls/live/2016304/de/veryhigh/master.m3u8</link>
			<thumbnail>zdf-mediathek.png</thumbnail>
			<imgsource></imgsource>
			<EPG_ID></EPG_ID>
			<date>02.02.2022</date>
		</item>
		<item>
			<title>ZDF Event 10 (Olympia)</title>
			<hrefsender></hrefsender>
			<link>https://zdf-hls-10.akamaized.net/hls/live/2016305/de/veryhigh/master.m3u8</link>
			<thumbnail>zdf-mediathek.png</thumbnail>
			<imgsource></imgsource>
			<EPG_ID></EPG_ID>
			<date>02.02.2022</date>
		</item>
		<item>
			<title>ZDF Event 11 (Olympia)</title>
			<hrefsender></hrefsender>
			<link>https://zdf-hls-11.akamaized.net/hls/live/2016436/de/veryhigh/master.m3u8</link>
			<thumbnail>zdf-mediathek.png</thumbnail>
			<imgsource></imgsource>
			<EPG_ID></EPG_ID>
			<date>02.02.2022</date>
		</item>
		<item>
			<title>ZDF Event 12 (Olympia)</title>
			<hrefsender></hrefsender>
			<link>https://zdf-hls-12.akamaized.net/hls/live/2016495/de/veryhigh/master.m3u8</link>
			<thumbnail>zdf-mediathek.png</thumbnail>
			<imgsource></imgsource>
			<EPG_ID></EPG_ID>
			<date>02.02.2022</date>
		</item>
		<item>
			<title>ZDF Event 13 (Olympia)</title>
			<hrefsender></hrefsender>
			<link>https://zdf-hls-13.akamaized.net/hls/live/2016496/de/veryhigh/master.m3u8</link>
			<thumbnail>zdf-mediathek.png</thumbnail>
			<imgsource></imgsource>
			<EPG_ID></EPG_ID>
			<date>03.02.2022</date>
		</item>
		<item>
			<title>ZDF Event 14 (Olympia)</title>
			<hrefsender></hrefsender>
			<link>https://zdf-hls-14.akamaized.net/hls/live/2016497/de/veryhigh/master.m3u8</link>
			<thumbnail>zdf-mediathek.png</thumbnail>
			<imgsource></imgsource>
			<EPG_ID></EPG_ID>
			<date>03.02.2022</date>
		</item>
		<item>
			<title>ZDF Event test01</title>
			<hrefsender></hrefsender>
			<link>https://zdf-msl4-test01.akamaized.net/hls/live/2017634/de/veryhigh/master.m3u8</link>
			<thumbnail>zdf-mediathek.png</thumbnail>
			<imgsource></imgsource>
			<EPG_ID></EPG_ID>
			<date>24.07.2021</date>
		</item>
		<item>
			<title>ZDF Event test02</title>
			<hrefsender></hrefsender>
			<link>https://zdf-msl4-test02.akamaized.net/hls/live/2017635/de/veryhigh/master.m3u8</link>
			<thumbnail>zdf-mediathek.png</thumbnail>
			<imgsource></imgsource>
			<EPG_ID></EPG_ID>
			<date>24.07.2021</date>
		</item>
</channel>

<channel>
	<name>ARD Audio Event Streams</name>
	<thumbnail>radio-livestreams.png</thumbnail>
	<fanart></fanart>
	<items>
		<item>
			<title>BR24live</title>
			<hrefsender></hrefsender>
			<link>https://streams.br.de/br24live_2.m3u</link>
			<thumbnail>radio-br.png</thumbnail>
			<imgsource></imgsource>
			<EPG_ID></EPG_ID>
			<date>17.07.2021</date>
		</item>
		<item>
			<title>hr-iNFO</title>
			<hrefsender></hrefsender>
			<link>https://hr-hrinfo-live.cast.addradio.de/hr/hrinfo/live/mp3/128/stream.mp3</link>
			<thumbnail>https://img.ardmediathek.de/standard/00/42/91/79/38/2121327408/16x9/640?mandant=ard</thumbnail>
			<imgsource></imgsource>
			<EPG_ID></EPG_ID>
			<info>Stream + Icon aus Audiothek ermittelt, Direktstart in SenderLiveResolution</info>
			<date>08.05.2021</date>
		</item>
		<item>
			<title>MDR Aktuell</title>
			<hrefsender></hrefsender>
			<link>https://mdr-284340-0.sslcast.mdr.de/mdr/284340/0/mp3/high/stream.mp3</link>
			<thumbnail>https://img.ardmediathek.de/standard/00/42/91/79/58/555337067/16x9/640?mandant=ard</thumbnail>
			<imgsource></imgsource>
			<EPG_ID></EPG_ID>
			<info>Stream + Icon aus Audiothek ermittelt, Direktstart in SenderLiveResolution</info>
			<date>08.05.2021</date>
		</item>
		<item>
			<title>NDR Info</title>
			<hrefsender></hrefsender>
			<link>https://ndr-ndrinfo-niedersachsen.cast.addradio.de/ndr/ndrinfo/niedersachsen/mp3/128/stream.mp3</link>
			<thumbnail>https://img.ardmediathek.de/standard/00/42/91/80/02/-295433861/16x9/640?mandant=ard</thumbnail>
			<imgsource></imgsource>
			<EPG_ID></EPG_ID>
			 <info>Stream + Icon aus Audiothek ermittelt, Direktstart in SenderLiveResolution</info>
			<date>08.05.2021</date>
		</item>
		<item>
			<title>MDR-Sachsen Fußball-Radio Livestream (3. Liga und DFB-Pokal, Audio)</title>
			<hrefsender></hrefsender>
			<link>http://avw.mdr.de/streams/284281-0_mp3_high.m3u</link>
			<thumbnail>tv-mdr-sachsen.png</thumbnail>
			<imgsource>Arauco</imgsource>
			<EPG_ID></EPG_ID>
			<date>04.04.2021</date>
		</item>
		<item>
			<title>NDR Info Spezial</title>
			<hrefsender></hrefsender>
			<link>http://www.ndr.de/resources/metadaten/audio/m3u/ndrinfo_spezial.m3u</link>
			<thumbnail>https://img.ardmediathek.de/standard/00/42/91/80/02/-295433861/16x9/640?mandant=ard</thumbnail>
			<imgsource></imgsource>
			<EPG_ID></EPG_ID>
			<date>08.05.2021</date>
		</item>
		<item>
			<title>WDR Event</title>
			<hrefsender></hrefsender>
			<link>https://radioevent-lh.akamaihd.net/i/wdr_radioevent@384708/master.m3u8</link>
			<thumbnail>radio-wdr.png</thumbnail>
			<imgsource></imgsource>
			<EPG_ID></EPG_ID>
			<date>08.05.2021</date>
		</item>
		<item>
			<title>Sportradio-Deutschland</title>
			<hrefsender></hrefsender>
			<link>https://frontend.streamonkey.net/sportradio-deutschland</link>
			<thumbnail>radio-livestreams.png</thumbnail>
			<imgsource></imgsource>
			<EPG_ID></EPG_ID>
			<date>08.05.2021</date>
		</item>
	</items>
</channel>

</channels>
