<?xml version='1.0' encoding='UTF-8' standalone='yes'?>
<addon id="service.vods.sezonlukdizi" name="SezonlukDIZI module for VODS" provider-name="boogie" version="0.0.9">
	<requires>
		<import addon="plugin.video.vods"/>
		<import addon="script.module.htmlement"/>
	</requires>
	<extension point="xbmc.service"></extension>
	<extension library="lib" point="xbmc.python.module" />
	<extension point="xbmc.addon.metadata">
		<platform>all</platform>
		<summary lang="en">SezonlukDIZI module for VODS</summary>
		<description lang="en">SezonlukDIZI module for VODS</description>
		<license>GNU General Public License, v2</license>
		<forum>https://github.com/boogieeeee/repository.boogie/issues</forum>
		<website>https://github.com/boogieeeee/repository.boogie</website>
		<email>boogiepop@gmx.com</email>
	</extension>
	<tinyxbmc>
	  	<plugin path="lib" id="vodsshow" module="sezonluk" instance="dizi"/>
	</tinyxbmc>
</addon>
